,issue,component_path,commit,LOC_change,is_test,parent,tag_commit,date_commit,tag_parent,module,fail_component,package,index_bug
0,346,src\java\org\apache\commons\lang\builder\ReflectionToStringBuilder.java,cd63d78c4adf4fab5bc09ee5dd5319c7e4cb1243,69,0,42a2549dc07e9e611ed439c5d2ee76238ab1bcae,LANG_2_0_RC2,2003-07-20 01:13:14,LANG_2_0_RC2,,org.apache.commons.lang.builder.ReflectionToStringBuilder,org.apache.commons.lang.builder,0
1,112,src\java\org\apache\commons\lang\time\FastDateFormat.java,2cf366c11a9f651a72df31f2841a910e8321dc9d,48,0,155533d20d212c99050e417906c5e1e02e098516,LANG_2_0_RC2,2003-07-20 01:21:29,LANG_2_0_RC2,,org.apache.commons.lang.time.FastDateFormat,org.apache.commons.lang.time,1
2,120,src\java\org\apache\commons\lang\builder\ReflectionToStringBuilder.java,74548d494beb8c9bf6a31d549c8f0f1c94924d3f,3753,0,264763fd844f986d378bb4e1bdae40795410f844,LANG_2_1_RC1,2003-12-29 01:47:02,LANG_2_1_RC1,,org.apache.commons.lang.builder.ReflectionToStringBuilder,org.apache.commons.lang.builder,2
3,28,src\java\org\apache\commons\lang\time\DurationFormatUtils.java,177d40989f45197fd9f9669f4eeb6033b73bc16e,540,0,fc447adfef826f1c27650c3d3129d40754fa4a89,LANG_2_1_RC1,2004-09-27 03:14:15,LANG_2_1_RC1,,org.apache.commons.lang.time.DurationFormatUtils,org.apache.commons.lang.time,3
4,4,src\java\org\apache\commons\lang\time\DurationFormatUtils.java,f80cb56da1316d5cb977c07937c2794efc87a522,251,0,3424e42050708eafe3b41b78c9ad2d3d2d82c0e2,LANG_2_1_RC1,2004-09-27 04:49:07,LANG_2_1_RC1,,org.apache.commons.lang.time.DurationFormatUtils,org.apache.commons.lang.time,4
5,934,src\java\org\apache\commons\lang\text\Interpolation.java,7952a5525444ab03243a9f80375050caf2419770,809,0,cbb4f55bff3d86f5797f9efbef27c6866511547e,LANG_2_2_RC1,2005-07-23 21:48:28,LANG_2_2_RC1,,org.apache.commons.lang.text.Interpolation,org.apache.commons.lang.text,5
6,1,src\java\org\apache\commons\lang\ArrayUtils.java,3eebd98b548fc960a7cd9d14eb0771b14615e9a1,3121,0,12491a6801249b2a582a231b1a40e17b401cc413,LANG_2_2_RC1,2006-04-17 06:06:52,LANG_2_2_RC1,,org.apache.commons.lang.ArrayUtils,org.apache.commons.lang,6
7,264,src\java\org\apache\commons\lang\builder\HashCodeBuilder.java,cac478de5157f5cb31b6669c477a9dc760f1e5bb,8,0,d3c425d6f1281d9387f5b80836ce855bc168453d,LANG_2_2_RC1,2006-06-22 23:03:20,LANG_2_2_RC1,,org.apache.commons.lang.builder.HashCodeBuilder,org.apache.commons.lang.builder,7
8,66,src\java\org\apache\commons\lang\StringEscapeUtils.java,7f8f3da321c31cf285a40501d43bb2e97cba7b01,62,0,594ec5482d10e52464313b2e1fc61ae9b787cb24,LANG_2_2_RC1,2006-07-03 19:11:02,LANG_2_2_RC1,,org.apache.commons.lang.StringEscapeUtils,org.apache.commons.lang,8
9,272,src\java\org\apache\commons\lang\text\StrBuilder.java,b9b6b027db0cbfbe3973fa74af3aebec4647cfd9,192,0,33c8a328305592d5998ade8241d19fd65573e627,LANG_2_2_RC1,2006-07-10 11:23:57,LANG_2_2_RC1,,org.apache.commons.lang.text.StrBuilder,org.apache.commons.lang.text,9
10,259,src\java\org\apache\commons\lang\enums\ValuedEnum.java,07b7795b336b301def8a7dc6059c8e616ce5582e,199,0,d9c6932a6e2b27d56ebb665c152f9f7dca759a8a,LANG_2_2_RC1,2006-08-18 22:21:47,LANG_2_2_RC1,,org.apache.commons.lang.enums.ValuedEnum,org.apache.commons.lang.enums,10
11,277,src\java\org\apache\commons\lang\StringUtils.java,462a89b82ee3e5fd5d6f69289297f77df83f689a,12,0,d829770690b130316a1e0471ff0d107acd461cdc,LANG_2_2_RC1,2006-08-30 18:22:12,LANG_2_2_RC1,,org.apache.commons.lang.StringUtils,org.apache.commons.lang,11
12,278,src\java\org\apache\commons\lang\StringUtils.java,ba57d261f1dfa1926e6bea34726e396865b0411c,12,0,66704164a0152a40cb8d72d5524af365ff34f083,LANG_2_2_RC1,2006-09-12 15:29:31,LANG_2_2_RC1,,org.apache.commons.lang.StringUtils,org.apache.commons.lang,12
13,262,src\java\org\apache\commons\lang\enum\Enum.java,116463ba4f988ad7dda289bf6e2ff53c6570f0ef,14,0,9926c441aefc148b08a5a3ef077097cefcc3f16c,LANG_2_3_RC1,2006-09-19 21:20:56,LANG_2_3_RC1,,org.apache.commons.lang.enum.Enum,org.apache.commons.lang.enum,13
14,279,src\java\org\apache\commons\lang\builder\HashCodeBuilder.java,b33bbaa7c84bcc8a5ccaac35cfe4a42b8558add8,5510,0,116463ba4f988ad7dda289bf6e2ff53c6570f0ef,LANG_2_3_RC1,2006-09-19 21:58:11,LANG_2_3_RC1,,org.apache.commons.lang.builder.HashCodeBuilder,org.apache.commons.lang.builder,14
15,281,src\java\org\apache\commons\lang\time\DurationFormatUtils.java,1d5c03fac601d6ce291c3fe3e5e51a11881e2fc0,205,0,e91541fcbd89dc0567281127c950a8d9ead7189b,LANG_2_3_RC1,2006-10-07 00:22:42,LANG_2_3_RC1,,org.apache.commons.lang.time.DurationFormatUtils,org.apache.commons.lang.time,15
16,295,src\java\org\apache\commons\lang\text\StrBuilder.java,1a158281aa058ee2dc9cfae3b56012a9f92f3b2b,24,0,8e52e2169b20f7bc3c6c520d4f0c98e5bf06b076,LANG_2_3_RC1,2006-10-31 23:00:54,LANG_2_3_RC1,,org.apache.commons.lang.text.StrBuilder,org.apache.commons.lang.text,16
17,299,src\java\org\apache\commons\lang\text\StrBuilder.java,9b0b19a9162ae8d217b06716962b982703ab4d1b,10,0,aaaa779108e445c028e91372a8c8709c7746cf72,LANG_2_3_RC1,2006-12-12 22:34:39,LANG_2_3_RC1,,org.apache.commons.lang.text.StrBuilder,org.apache.commons.lang.text,17
18,300,src\java\org\apache\commons\lang\NumberUtils.java,15360774099b2a7230e020751acdf6979b6e3f58,15,0,868dd284443b6f950a2f360b0422dbf09a599ae9,LANG_2_3_RC1,2006-12-19 21:50:04,LANG_2_3_RC1,,org.apache.commons.lang.NumberUtils,org.apache.commons.lang,18
19,11,src\java\org\apache\commons\lang\time\DurationFormatUtils.java,4f514d5eb3e80703012df9be190ae42d35d25bdc,570,0,381ed0c0f6016993a81563edc857d3235daafea3,LANG_2_3_RC1,2006-12-20 06:10:26,LANG_2_3_RC1,,org.apache.commons.lang.time.DurationFormatUtils,org.apache.commons.lang.time,19
20,304,src\java\org\apache\commons\lang\LocaleUtils.java,cf20d13c64da51becd1351befe02a06144fd6fc1,10,0,848a8144bc42fddbbc466a38a897f5c09f0d49e2,LANG_2_3_RC1,2006-12-22 20:34:37,LANG_2_3_RC1,,org.apache.commons.lang.LocaleUtils,org.apache.commons.lang,20
21,301,src\java\org\apache\commons\lang\text\StrTokenizer.java,640d7cf079ccdb35d92d2c598cc9502124635520,8,0,a9ff534b3686e649062b04ad519a9e8b09a9f76c,LANG_2_3_RC1,2006-12-29 17:55:32,LANG_2_3_RC1,,org.apache.commons.lang.text.StrTokenizer,org.apache.commons.lang.text,21
22,315,src\java\org\apache\commons\lang\time\StopWatch.java,b16235ad108c4fcdb7117493394d26d2f0faeace,20,0,de4952beaffe469b05f545b90344675e1889cb48,LANG_2_3_RC2,2007-02-06 22:49:50,LANG_2_3_RC2,,org.apache.commons.lang.time.StopWatch,org.apache.commons.lang.time,22
23,328,src\java\org\apache\commons\lang\LocaleUtils.java,75d931a3264b73caa9cdd7d3373375cc33008ddf,17,0,77a3c20bc0f30ca44f30aadad7f8ef0bc2528d0b,LANG_2_4_RC1,2007-05-01 23:50:01,LANG_2_4_RC1,,org.apache.commons.lang.LocaleUtils,org.apache.commons.lang,23
24,342,src\java\org\apache\commons\lang\builder\HashCodeBuilder.java,7fc38e82ece99ff4043626ba19b293fc7af86264,27,0,2730ae5394f74268d01bda5a0489ea3204744b9f,LANG_2_4_RC1,2007-08-09 00:29:21,LANG_2_4_RC1,,org.apache.commons.lang.builder.HashCodeBuilder,org.apache.commons.lang.builder,24
25,334,src\java\org\apache\commons\lang\enums\Enum.java,60fe05eb7a32a4a178f4212da6a812c80cedce82,125,0,2ca0eff93cff4f4897d9346fe52fa59961f73352,LANG_2_4_RC1,2007-09-05 10:13:49,LANG_2_4_RC1,,org.apache.commons.lang.enums.Enum,org.apache.commons.lang.enums,25
26,361,src\java\org\apache\commons\lang\BooleanUtils.java,1cc66e3095828e364dd87721cf8b42636e35f011,25,0,bb7110e108f0ba4853070e1a5329ad5b2824b4f1,LANG_2_4_RC1,2007-10-23 05:31:58,LANG_2_4_RC1,,org.apache.commons.lang.BooleanUtils,org.apache.commons.lang,26
27,364,src\java\org\apache\commons\lang\text\StrTokenizer.java,ed7e9b43494e490a51c25c410b2950005fd685ea,24,0,1cc66e3095828e364dd87721cf8b42636e35f011,LANG_2_4_RC1,2007-10-25 06:25:02,LANG_2_4_RC1,,org.apache.commons.lang.text.StrTokenizer,org.apache.commons.lang.text,27
28,363,src\java\org\apache\commons\lang\StringEscapeUtils.java,c22d9d59e5b86c33f91d7fa93d71cdc514c2edd9,22,0,ed7e9b43494e490a51c25c410b2950005fd685ea,LANG_2_4_RC1,2007-10-26 06:08:54,LANG_2_4_RC1,,org.apache.commons.lang.StringEscapeUtils,org.apache.commons.lang,28
29,353,src\java\org\apache\commons\lang\builder\EqualsBuilder.java,9da40ba6b5bcc7b6071fa7fe11eaeb1b97e53d81,28,0,c22d9d59e5b86c33f91d7fa93d71cdc514c2edd9,LANG_2_4_RC1,2007-10-26 06:14:10,LANG_2_4_RC1,,org.apache.commons.lang.builder.EqualsBuilder,org.apache.commons.lang.builder,29
30,365,src\java\org\apache\commons\lang\BooleanUtils.java,796b898281af571a510d96487dcd95699ac1e435,7,0,9da40ba6b5bcc7b6071fa7fe11eaeb1b97e53d81,LANG_2_4_RC1,2007-10-27 05:07:45,LANG_2_4_RC1,,org.apache.commons.lang.BooleanUtils,org.apache.commons.lang,30
31,368,src\java\org\apache\commons\lang\time\FastDateFormat.java,127e6e338f088b82eea1967d31c1abf8d51a364f,100,0,43cf3f491e7b9b42dc4a5fa4d7bc00cef1d38f7e,LANG_2_4_RC1,2007-10-31 03:58:52,LANG_2_4_RC1,,org.apache.commons.lang.time.FastDateFormat,org.apache.commons.lang.time,31
32,367,src\java\org\apache\commons\lang\time\FastDateFormat.java,72f88548f894fc941bc847a27a4b451c6d97b255,50,0,127e6e338f088b82eea1967d31c1abf8d51a364f,LANG_2_4_RC1,2007-10-31 04:04:32,LANG_2_4_RC1,,org.apache.commons.lang.time.FastDateFormat,org.apache.commons.lang.time,32
33,369,src\java\org\apache\commons\lang\exception\ExceptionUtils.java,ba320a3bc75cc4754bbf8157bf21c237589d7b17,220,0,9926e31ac18525994b8a6866e2437d975f710bf0,LANG_2_4_RC1,2007-11-12 19:58:30,LANG_2_4_RC1,,org.apache.commons.lang.exception.ExceptionUtils,org.apache.commons.lang.exception,33
34,360,src\java\org\apache\commons\lang\ObjectUtils.java,659b20c0375b574a5d2b9e14f66c975405bfee42,145,0,e220a58ff2d8017cc8b378e36e92695af30a71e7,LANG_2_4_RC1,2007-11-12 22:54:02,LANG_2_4_RC1,,org.apache.commons.lang.ObjectUtils,org.apache.commons.lang,34
35,410,src\java\org\apache\commons\lang\StringUtils.java,5cbca4d5f5a2acfc92670e2bbe46491c442c4234,636,0,1fe5439baf32af2114958e3cfc3512bd72c84773,LANG_2_4_RC1,2008-02-13 20:41:07,LANG_2_4_RC1,,org.apache.commons.lang.StringUtils,org.apache.commons.lang,35
36,2,src\java\org\apache\commons\lang\reflect\MethodUtils.java,04e9eb14e7f5dbf55ba41819b9cb2d2f0c3c4b55,4129,0,504af2f2ede9930c6e8024d8f9794228e11528fe,LANG_2_5_RC1,2008-05-06 20:45:11,LANG_2_5_RC1,,org.apache.commons.lang.reflect.MethodUtils,org.apache.commons.lang.reflect,36
37,436,src\java\org\apache\commons\lang\reflect\MethodUtils.java,585e4c6eb3a49dbbd18f39acc4c94d5d64100eff,828,0,e0da000caa33b68fb9c95747f3291da12c2b5749,LANG_2_5_RC1,2008-05-07 16:06:21,LANG_2_5_RC1,,org.apache.commons.lang.reflect.MethodUtils,org.apache.commons.lang.reflect,37
38,419,src\java\org\apache\commons\lang\WordUtils.java,4342bd5d69d122a16c735416039b4b2ca27897ad,27,0,04f767b393b5849185f4ddf8f7ae8fc0b255e9bf,LANG_2_5_RC1,2008-05-11 05:18:02,LANG_2_5_RC1,,org.apache.commons.lang.WordUtils,org.apache.commons.lang,38
39,302,src\java\org\apache\commons\lang\text\StrBuilder.java,e1981a5d7be894993549cfc9ed03ab1527d7b634,24,0,4342bd5d69d122a16c735416039b4b2ca27897ad,LANG_2_5_RC1,2008-05-11 05:57:18,LANG_2_5_RC1,,org.apache.commons.lang.text.StrBuilder,org.apache.commons.lang.text,39
40,459,src\java\org\apache\commons\lang\IDKey.java,3ed99652c84339375f1e6b99bd9c7f71d565e023,281,0,6f27e9bbd119e419fa417b9446abe7aae0fb9624,LANG_2_5_RC1,2008-09-16 16:03:14,LANG_2_5_RC1,,org.apache.commons.lang.IDKey,org.apache.commons.lang,40
41,460,src\java\org\apache\commons\lang\StringUtils.java,fa436d849d61af287341e329f03ea6c16b405cae,162,0,3ed99652c84339375f1e6b99bd9c7f71d565e023,LANG_2_5_RC1,2008-09-17 23:26:20,LANG_2_5_RC1,,org.apache.commons.lang.StringUtils,org.apache.commons.lang,41
42,457,src\java\org\apache\commons\lang\NumberUtils.java,0d0061f247b9c28b59b1af7e7a10def74718ac94,17,0,9d8846081ae80d36ca8da223dac2d1e116b0af33,LANG_2_5_RC1,2008-11-05 16:33:25,LANG_2_5_RC1,,org.apache.commons.lang.NumberUtils,org.apache.commons.lang,42
43,440,src\java\org\apache\commons\lang\time\DateUtils.java,a6a2d04877d91a4c7cfff889bb64e2627ca60994,10,0,0d0061f247b9c28b59b1af7e7a10def74718ac94,LANG_2_5_RC1,2008-11-05 17:00:43,LANG_2_5_RC1,,org.apache.commons.lang.time.DateUtils,org.apache.commons.lang.time,43
44,464,src\java\org\apache\commons\lang\builder\EqualsBuilder.java,b1e8a26177324ece7c786da8cd063076bc131ea1,20,0,a6a2d04877d91a4c7cfff889bb64e2627ca60994,LANG_2_5_RC1,2008-11-06 20:36:17,LANG_2_5_RC1,,org.apache.commons.lang.builder.EqualsBuilder,org.apache.commons.lang.builder,44
45,477,src\java\org\apache\commons\lang\text\ExtendedMessageFormat.java,a38e2e942d622c1a84ed35bedb9aba045db7ab79,7,0,eb8b39b145d863e8fca833c13479e466ad405c61,LANG_2_5_RC1,2009-01-09 22:05:14,LANG_2_5_RC1,,org.apache.commons.lang.text.ExtendedMessageFormat,org.apache.commons.lang.text,45
46,478,src\java\org\apache\commons\lang\time\StopWatch.java,cb8a0d43eade243f6bcfb391bb5865b0d49366e0,286,0,ef718fccdf9c952935f3e8ddaf1b2cb6b56cb17d,LANG_2_5_RC1,2009-03-01 21:18:18,LANG_2_5_RC1,,org.apache.commons.lang.time.StopWatch,org.apache.commons.lang.time,46
47,474,src\java\org\apache\commons\lang\text\StrMatcher.java,62aef1a558a21c8354bce60254329ba60b69f191,30,0,d836af99d265ab95d4c5550f44d0830499598e59,LANG_3_0_B1,2009-08-11 06:39:39,LANG_3_0_B1,,org.apache.commons.lang.text.StrMatcher,org.apache.commons.lang.text,47
48,535,src\java\org\apache\commons\lang\ClassUtils.java,2dc56182579703153e5c9886b3ecd22bbc348b49,170,0,bb8709f3e30e7c13530dfef458a4c370783de2be,LANG_3_0_B1,2009-10-15 07:31:32,LANG_3_0_B1,,org.apache.commons.lang.ClassUtils,org.apache.commons.lang,48
49,487,src\java\org\apache\commons\lang\builder\ToStringBuilder.java,d55299a0554375f3f935a0ff85bd2002faa2ec55,283,0,61800cce67d1dc1c9d3096d631541283e21ef664,LANG_3_0_B1,2009-10-26 21:56:46,LANG_3_0_B1,,org.apache.commons.lang.builder.ToStringBuilder,org.apache.commons.lang.builder,49
50,467,src\java\org\apache\commons\lang\builder\EqualsBuilder.java,9adbbb0bbfe1d76549dd8b6704f183dacb1de29f,40,0,56463552475746e982e46f54c1b18487ef434c17,LANG_3_0_B1,2009-11-14 10:10:19,LANG_3_0_B1,,org.apache.commons.lang.builder.EqualsBuilder,org.apache.commons.lang.builder,50
51,567,src\java\org\apache\commons\lang3\ArrayUtils.java,2f8f67ab2939f1c23f09c8764e04ea2da0479332,90,0,eb2b517b466efb38d591be80728924fb22745333,LANG_3_0_B1,2009-12-18 02:50:21,LANG_3_0_B1,,org.apache.commons.lang3.ArrayUtils,org.apache.commons.lang3,51
52,568,src\java\org\apache\commons\lang3\ArrayUtils.java,ed3d84438bd4a2fed15926c31ef23f63df977cf4,150,0,fd7450f301d0fd47892c6d9ee4b2cf6b7197d272,LANG_3_0_B1,2009-12-18 05:03:42,LANG_3_0_B1,,org.apache.commons.lang3.ArrayUtils,org.apache.commons.lang3,52
53,538,src\java\org\apache\commons\lang3\time\FastDateFormat.java,e5ccf096569244af25820f7d8d94893fff00ce8c,10,0,8fdfbff87c84f2005eb8fed6939e5fa835315113,LANG_3_0_B1,2009-12-18 07:21:10,LANG_3_0_B1,,org.apache.commons.lang3.time.FastDateFormat,org.apache.commons.lang3.time,53
54,521,src\java\org\apache\commons\lang3\math\NumberUtils.java,26bc3fe010d5154d3ccac526ec22c429fc3af499,58,0,506bd018b3ca638cd0c9d1bdad627f6468a05bee,LANG_3_0_B1,2009-12-22 06:52:42,LANG_3_0_B1,,org.apache.commons.lang3.math.NumberUtils,org.apache.commons.lang3.math,54
55,494,src\main\java\org\apache\commons\lang3\CharSet.java,72e4ab4b004482fa709de9c4c951ae9485ff1ea3,20,0,2493294550277183d859dd20dd9489069fc749e2,LANG_3_0_B1,2010-01-09 10:06:42,LANG_3_0_B1,,org.apache.commons.lang3.CharSet,org.apache.commons.lang3,55
56,575,src\main\java\org\apache\commons\lang3\builder\CompareToBuilder.java,5494a87bbb6d6b6f0d176d0c93e4f25718ed3c2a,23,0,8d518b77862b11c5fe074540e86c6a835ba01be4,LANG_3_0_B1,2010-01-09 11:44:06,LANG_3_0_B1,,org.apache.commons.lang3.builder.CompareToBuilder,org.apache.commons.lang3.builder,56
57,581,src\main\java\org\apache\commons\lang3\StringUtils.java,491a1d6e885c8e13d355b465942c2c6bdf1ed735,96,0,a7b7e114617d2e6bda2efdce17a01e78d2629579,LANG_3_0_B1,2010-01-14 15:37:42,LANG_3_0_B1,,org.apache.commons.lang3.StringUtils,org.apache.commons.lang3,57
58,481,src\main\java\org\apache\commons\lang3\Range.java,a5dc7f1e68f735d0f989a10c521bbc0f6c1ef3ae,84,0,8860c37b9d2b5467e7527ff41c01eee34e583a82,LANG_3_0_B1,2010-01-16 08:04:40,LANG_3_0_B1,,org.apache.commons.lang3.Range,org.apache.commons.lang3,58
59,571,src\main\java\org\apache\commons\lang3\ArrayUtils.java,54c0f6ba9e6555146d0dad51bcb5c4ec581e21da,126,0,a5dc7f1e68f735d0f989a10c521bbc0f6c1ef3ae,LANG_3_0_B1,2010-01-16 12:39:20,LANG_3_0_B1,,org.apache.commons.lang3.ArrayUtils,org.apache.commons.lang3,59
60,564,src\main\java\org\apache\commons\lang3\text\StrLookup.java,b777356fa3d779ae7bc73e61dc091c7c9e775900,45,0,54c0f6ba9e6555146d0dad51bcb5c4ec581e21da,LANG_3_0_B1,2010-01-16 12:53:54,LANG_3_0_B1,,org.apache.commons.lang3.text.StrLookup,org.apache.commons.lang3.text,60
61,584,src\main\java\org\apache\commons\lang3\exception\ExceptionUtils.java,1c5b51d6a670cbaca5879d2d5ac11531627d5161,7,0,8ea4582e2c0f6175bc23e3b37cf42dd9e41fdf3d,LANG_3_0_B1,2010-01-29 17:12:02,LANG_3_0_B1,,org.apache.commons.lang3.exception.ExceptionUtils,org.apache.commons.lang3.exception,61
62,589,src\main\java\org\apache\commons\lang3\StringUtils.java,1b5c1b43711f155e8431a5eaf23ff9941760ae61,12,0,10cc16fe820d9c9a9acf66a717ad1d7ea4afaa4b,LANG_3_0_B1,2010-02-08 06:57:34,LANG_3_0_B1,,org.apache.commons.lang3.StringUtils,org.apache.commons.lang3,62
63,607,src\main\java\org\apache\commons\lang3\StringUtils.java,bc52782cd84f4356d2984e1aa01806f81754eb08,588,0,79f7a7ef529ae656a80f7e331f75e79999cef7ea,LANG_3_0_B1,2010-03-16 00:37:07,LANG_3_0_B1,,org.apache.commons.lang3.StringUtils,org.apache.commons.lang3,63
64,606,src\main\java\org\apache\commons\lang3\builder\EqualsBuilder.java,1a60c21395fe7648188d1c91f62ac7baefa12742,827,0,cfff2579f5cd4e92c46f8790b9185a45e91fd783,LANG_3_0_B1,2010-03-20 20:16:57,LANG_3_0_B1,,org.apache.commons.lang3.builder.EqualsBuilder,org.apache.commons.lang3.builder,64
65,617,src\main\java\org\apache\commons\lang3\text\translate\NumericEntityUnescaper.java,bef3eb6ed060d5ae14da6ce5a1909675b8cf5650,36,0,c0041cafc2fda3fb437009d5417ba5ebeb32ad35,LANG_3_0_B1,2010-06-22 06:34:18,LANG_3_0_B1,,org.apache.commons.lang3.text.translate.NumericEntityUnescaper,org.apache.commons.lang3.text.translate,65
66,631,src\main\java\org\apache\commons\lang3\StringUtils.java,2055022644c738d77c910cb4737f05f823e29dff,24,0,5e9fd18a887eb071a42983a8c6df1ae3062f3a88,LANG_3_0_B1,2010-07-06 07:26:43,LANG_3_0_B1,,org.apache.commons.lang3.StringUtils,org.apache.commons.lang3,66
67,628,src\main\java\org\apache\commons\lang3\builder\HashCodeBuilder.java,26cc12705ef31fea0c64fcee0305a8712e7fb30b,75,0,2055022644c738d77c910cb4737f05f823e29dff,LANG_3_0_B1,2010-07-06 07:36:38,LANG_3_0_B1,,org.apache.commons.lang3.builder.HashCodeBuilder,org.apache.commons.lang3.builder,67
68,630,src\main\java\org\apache\commons\lang3\mutable\MutableObject.java,76c250987d52f4a956c6e617aea3481037bdf71f,122,0,0a7381942ca183a63750cdcdcad6a6ac5c9aa95d,LANG_3_0_B1,2010-07-18 05:53:30,LANG_3_0_B1,,org.apache.commons.lang3.mutable.MutableObject,org.apache.commons.lang3.mutable,68
69,635,src\main\java\org\apache\commons\lang3\builder\CompareToBuilder.java,731c0040fe325d143d2edc24606d20791c8e2748,10,0,05fbbf646dd2af475b9d45409a54f26d2992fe29,LANG_3_0_B1,2010-07-20 18:10:34,LANG_3_0_B1,,org.apache.commons.lang3.builder.CompareToBuilder,org.apache.commons.lang3.builder,69
70,638,src\main\java\org\apache\commons\lang3\math\NumberUtils.java,50c1fdecb4ed33ec1bb0d449f294c299d5369701,25,0,bbcba273ad4322e76a90bcb867cbea108134717c,LANG_3_0_RC1,2010-08-03 04:41:04,LANG_3_0_RC1,,org.apache.commons.lang3.math.NumberUtils,org.apache.commons.lang3.math,70
71,643,src\main\java\org\apache\commons\lang3\StringUtils.java,782e48d8e0d201c5c6d745cf4ebd8f11225e8c5e,36,0,80057a6f04dbfc89ad446f794e7c9cba4b95fe1c,LANG_3_0_RC1,2010-08-25 19:59:41,LANG_3_0_RC1,,org.apache.commons.lang3.StringUtils,org.apache.commons.lang3,71
72,596,src\main\java\org\apache\commons\lang3\text\StrSubstitutor.java,f7f19a3d2f98f48924d38fec2308dc3db83445d8,134,0,1db9c37e95112a2b796e8d58253f48de8f4816c0,LANG_3_0_RC1,2010-08-29 22:53:42,LANG_3_0_RC1,,org.apache.commons.lang3.text.StrSubstitutor,org.apache.commons.lang3.text,72
73,659,src\main\java\org\apache\commons\lang3\text\translate\EntityArrays.java,a28a5c875f333849579a95ec29804f4bdb77e925,10,0,2658d6911f4869e04e6decb8eec238d32e9923d7,LANG_3_0_RC1,2010-11-13 15:54:30,LANG_3_0_RC1,,org.apache.commons.lang3.text.translate.EntityArrays,org.apache.commons.lang3.text.translate,73
74,658,src\main\java\org\apache\commons\lang3\text\translate\EntityArrays.java,dd5f8ea30755268dc43bbf2cd5024412674eb1b0,218,0,44dbf85b6a7156d550ba62210412015058336281,LANG_3_0_RC1,2010-11-13 16:35:47,LANG_3_0_RC1,,org.apache.commons.lang3.text.translate.EntityArrays,org.apache.commons.lang3.text.translate,74
75,381,src\main\java\org\apache\commons\lang3\reflect\MemberUtils.java,e8138eafe70f279427dbcecaef564613ad27aa90,30,0,ea623e575eb48564459e840a3ec130d65e370339,LANG_3_0_RC1,2010-11-21 22:09:04,LANG_3_0_RC1,,org.apache.commons.lang3.reflect.MemberUtils,org.apache.commons.lang3.reflect,75
76,666,src\main\java\org\apache\commons\lang3\StringUtils.java,5ad967885adac9bffb6cc693812507aef717221d,15,0,bebf1a53f744bd591c692ef2b721bd28078bb029,LANG_3_0_RC1,2010-12-08 20:08:19,LANG_3_0_RC1,,org.apache.commons.lang3.StringUtils,org.apache.commons.lang3,76
77,664,src\main\java\org\apache\commons\lang3\math\NumberUtils.java,8e2f4ddb9a1ecd7a1bf7d752c2c891d630287036,24,0,7df70a8c6b14452767ac932a14640e32a1dc16da,LANG_3_0_RC1,2011-01-01 06:56:59,LANG_3_0_RC1,,org.apache.commons.lang3.math.NumberUtils,org.apache.commons.lang3.math,77
78,636,src\main\java\org\apache\commons\lang3\text\ExtendedMessageFormat.java,249788d799ca1c3964062bdc5c19a51ecc05c2f7,225,0,66e42dc8b43d37ff011de69586f8e6764c4b3164,LANG_3_0_RC1,2011-01-10 23:57:00,LANG_3_0_RC1,,org.apache.commons.lang3.text.ExtendedMessageFormat,org.apache.commons.lang3.text,78
79,672,src\main\java\org\apache\commons\lang3\time\DateUtils.java,9c6d3ea78fa936c8eedbd72236fe3f6e217c2b96,20,0,367e00e6ef373df1640266d39701042203d3f37f,LANG_3_0_RC1,2011-01-23 05:25:03,LANG_3_0_RC1,,org.apache.commons.lang3.time.DateUtils,org.apache.commons.lang3.time,79
80,624,src\main\java\org\apache\commons\lang3\SystemUtils.java,9ae054b7c894706fcaea519a14f48cc773835069,2010,0,2be456f665e193c6fa7eefb838da858b57935c58,LANG_3_0_RC1,2011-01-30 03:48:40,LANG_3_0_RC1,,org.apache.commons.lang3.SystemUtils,org.apache.commons.lang3,80
81,677,src\main\java\org\apache\commons\lang3\time\DateUtils.java,3e5d5dc9c0a5047152eedb802bc008ce78b8de0c,10,0,a655a3fafbc535b09fa0596635d2c87cf48c428e,LANG_3_0_RC1,2011-02-02 21:55:15,LANG_3_0_RC1,,org.apache.commons.lang3.time.DateUtils,org.apache.commons.lang3.time,81
82,676,src\main\java\org\apache\commons\lang3\BooleanUtils.java,d34dce48e5cd02ef1f078a939741d79fab3c39d0,60,0,4a29061ad70319e9545f71d208327db3e4192b5e,LANG_3_0_RC1,2011-02-06 06:58:08,LANG_3_0_RC1,,org.apache.commons.lang3.BooleanUtils,org.apache.commons.lang3,82
83,428,src\main\java\org\apache\commons\lang3\StringUtils.java,3c4f60d71bc4bee0158d713be93c2151411d2e98,306,0,15d50cf864c13468d81c7b2370ac5c8a7dc26d16,LANG_3_0_RC1,2011-03-01 06:31:41,LANG_3_0_RC1,,org.apache.commons.lang3.StringUtils,org.apache.commons.lang3,83
84,682,src\main\java\org\apache\commons\lang3\StringEscapeUtils.java,3456b2b6b1e27751bb9b4770e3bd0a6545afe1d3,419,0,b4e69a6efc245c07bdd2ce55f9c80b6ae16544a3,LANG_3_0_RC2,2011-03-08 05:20:12,LANG_3_0_RC2,,org.apache.commons.lang3.StringEscapeUtils,org.apache.commons.lang3,84
85,685,src\main\java\org\apache\commons\lang3\builder\EqualsBuilder.java,edcfd40d71568a47b7b3dd857265517f8a5c3df0,20,0,dd84146bd1453e283b3b49653461ee5077f1c296,LANG_3_0_RC2,2011-03-16 03:53:22,LANG_3_0_RC2,,org.apache.commons.lang3.builder.EqualsBuilder,org.apache.commons.lang3.builder,85
86,691,src\main\java\org\apache\commons\lang3\time\DateUtils.java,d827bb76041a48c4a591a29017da765327a28265,26,0,7e73ff593fbe69ac9cdafbe7a17e27f2ed338f77,LANG_3_0_RC3,2011-04-11 20:52:18,LANG_3_0_RC3,,org.apache.commons.lang3.time.DateUtils,org.apache.commons.lang3.time,86
87,703,src\main\java\org\apache\commons\lang3\StringUtils.java,a80f11cf9d02d2517c7f230f24949cbebaafc0c2,114,0,f5cb67acd964ee173967081205eb30c43ba585c3,LANG_3_0_RC4,2011-07-03 07:04:38,LANG_3_0_RC4,,org.apache.commons.lang3.StringUtils,org.apache.commons.lang3,87
88,710,src\main\java\org\apache\commons\lang3\text\translate\NumericEntityUnescaper.java,9642e11aac22ad1790fcafcc6973605581bb4cb5,211,0,6be2343397b8192fc1328da21962dea27a8b2422,LANG_3_0_RC4,2011-07-07 03:44:22,LANG_3_0_RC4,,org.apache.commons.lang3.text.translate.NumericEntityUnescaper,org.apache.commons.lang3.text.translate,88
89,7,src\main\java\org\apache\commons\lang3\text\translate\UnicodeUnescaper.java,c023bfb593d32144f4511079dada681e2e8142d2,176,0,262c708b91dd3de1f892a7c4d198b3cafc319b02,LANG_3_0_RC4,2011-07-13 03:31:14,LANG_3_0_RC4,,org.apache.commons.lang3.text.translate.UnicodeUnescaper,org.apache.commons.lang3.text.translate,89
90,686,src\main\java\org\apache\commons\lang3\StringUtils.java,64dd0a070ba7d8a58a733a9cb7618d458bd670ad,84,0,85d6318351fefbb728bad2db16103dc24372240d,LANG_3_0_1_RC1,2011-07-27 05:59:00,LANG_3_0_1_RC1,,org.apache.commons.lang3.StringUtils,org.apache.commons.lang3,90
91,24,src\main\java\org\apache\commons\lang3\math\NumberUtils.java,f5026c122d042e316fe1ee6314de6e8cab2708c5,68,0,16d92dc92384a881e5376364cd12f646b4d1f841,LANG_3_0_1_RC1,2011-08-03 13:53:35,LANG_3_0_1_RC1,,org.apache.commons.lang3.math.NumberUtils,org.apache.commons.lang3.math,91
92,746,src\main\java\org\apache\commons\lang3\math\NumberUtils.java,41326bf5266ecc6472bab28481b77cecd6f7fb5c,30,0,c98fbe27b2822e669461a061ee916e7ce5bf188f,LANG_3_0_2_RC1,2011-08-23 12:32:52,LANG_3_0_2_RC1,,org.apache.commons.lang3.math.NumberUtils,org.apache.commons.lang3.math,92
93,744,src\main\java\org\apache\commons\lang3\StringUtils.java,5244e89e73cdf5c963e0741480a1436467db14a0,565,0,a340f1e7afcb11bf9efaec211b8f0a6e24d9116c,LANG_3_0_2_RC1,2011-10-03 23:04:54,LANG_3_0_2_RC1,,org.apache.commons.lang3.StringUtils,org.apache.commons.lang3,93
94,772,src\main\java\org\apache\commons\lang3\ClassUtils.java,7b7965bf462d354dab0eb15c860c0ef7b3ea7b9c,8,0,4f0e19fc5f47c7171887e6fc1055bbdbb59367ef,LANG_3_2_RC1,2011-11-16 03:14:26,LANG_3_2_RC1,,org.apache.commons.lang3.ClassUtils,org.apache.commons.lang3,94
95,773,src\main\java\org\apache\commons\lang3\tuple\ImmutablePair.java,d534206f65fa2512fe28dd4169d4027898ac8bf3,8,0,7b7965bf462d354dab0eb15c860c0ef7b3ea7b9c,LANG_3_2_RC1,2011-11-16 13:44:05,LANG_3_2_RC1,,org.apache.commons.lang3.tuple.ImmutablePair,org.apache.commons.lang3.tuple,95
96,783,src\main\java\org\apache\commons\lang3\StringUtils.java,bec837759654833087d286e44ea51134d67537eb,24,0,02bce06a5c3d98d6694e3e9a59187c3847de76ae,LANG_3_2_RC1,2011-12-28 05:58:31,LANG_3_2_RC1,,org.apache.commons.lang3.StringUtils,org.apache.commons.lang3,96
97,765,src\main\java\org\apache\commons\lang3\event\EventListenerSupport.java,d486ed932373815102f6999d7b77d9eda5b2e393,12,0,bec837759654833087d286e44ea51134d67537eb,LANG_3_2_RC1,2011-12-28 06:27:47,LANG_3_2_RC1,,org.apache.commons.lang3.event.EventListenerSupport,org.apache.commons.lang3.event,97
98,764,src\main\java\org\apache\commons\lang3\text\StrBuilder.java,1c8d3e6011ad9fc1cd61fd35ffe1d313473483de,12,0,d486ed932373815102f6999d7b77d9eda5b2e393,LANG_3_2_RC1,2011-12-28 06:33:21,LANG_3_2_RC1,,org.apache.commons.lang3.text.StrBuilder,org.apache.commons.lang3.text,98
99,5,src\main\java\org\apache\commons\lang3\StringUtils.java,b24330cd372155883eef2b5f41cd68c5e02b61b7,659,0,5bfccfb5082fa045cb5734cd5028404b15f082ee,LANG_3_2_RC1,2012-03-04 09:45:21,LANG_3_2_RC1,,org.apache.commons.lang3.StringUtils,org.apache.commons.lang3,99
100,755,src\main\java\org\apache\commons\lang3\time\DateFormatUtils.java,a0de4149790f97283643b6e7980faaa3a5ed5ab7,14,0,c10bb4d052b31761329d8c064583175b73687e78,LANG_3_2_RC1,2012-03-12 04:37:38,LANG_3_2_RC1,,org.apache.commons.lang3.time.DateFormatUtils,org.apache.commons.lang3.time,100
101,802,src\main\java\org\apache\commons\lang3\LocaleUtils.java,4c2e69797f8262cc0546131352c1c5ef6dfdc985,10,0,0aa4135a785deb4fb52d754e407fab1eb280ac26,LANG_3_2_RC1,2012-05-25 14:39:38,LANG_3_2_RC1,,org.apache.commons.lang3.LocaleUtils,org.apache.commons.lang3,101
102,805,src\main\java\org\apache\commons\lang3\RandomStringUtils.java,27bcbcc728434ffb2c45e81c0e75e6a3d6da3441,145,0,1971d3ed8ba303eccc83935e352758ceca9f34d7,LANG_3_2_RC1,2012-06-09 14:58:34,LANG_3_2_RC1,,org.apache.commons.lang3.RandomStringUtils,org.apache.commons.lang3,102
103,807,src\main\java\org\apache\commons\lang3\RandomStringUtils.java,4a65cb8da23d6667ac6f91775309b4da9b315d95,22,0,27bcbcc728434ffb2c45e81c0e75e6a3d6da3441,LANG_3_2_RC1,2012-06-10 12:40:48,LANG_3_2_RC1,,org.apache.commons.lang3.RandomStringUtils,org.apache.commons.lang3,103
104,64,src\main\java\org\apache\commons\lang3\EnumUtils.java,feb980a6398012627bf6dfb7fddb92be3fe76ed4,639,0,e1a26f355e82acc0b98d096205e346df60920801,LANG_3_2_RC1,2012-07-13 20:14:14,LANG_3_2_RC1,,org.apache.commons.lang3.EnumUtils,org.apache.commons.lang3,104
105,813,src\main\java\org\apache\commons\lang3\StringUtils.java,4ae84a33c0b031b835a60a804ab69be2ca060fb9,30,0,feb980a6398012627bf6dfb7fddb92be3fe76ed4,LANG_3_2_RC1,2012-07-14 00:53:36,LANG_3_2_RC1,,org.apache.commons.lang3.StringUtils,org.apache.commons.lang3,105
106,747,src\main\java\org\apache\commons\lang3\math\NumberUtils.java,c7adc7e86f118a92ac4eee5a3c6775eec11af115,100,0,2c6fa89aa47436c5909601490fd56a18f75a0bc4,LANG_3_2_RC1,2012-09-12 21:10:18,LANG_3_2_RC1,,org.apache.commons.lang3.math.NumberUtils,org.apache.commons.lang3.math,106
107,810,src\main\java\org\apache\commons\lang3\StringUtils.java,32b71d09133c2b5e3fea1f6d1effab8bb3776d04,192,0,c7adc7e86f118a92ac4eee5a3c6775eec11af115,LANG_3_2_RC1,2012-09-12 21:52:58,LANG_3_2_RC1,,org.apache.commons.lang3.StringUtils,org.apache.commons.lang3,107
108,799,src\main\java\org\apache\commons\lang3\time\DateUtils.java,ebdef1b95710b44324d40fa1e67a1bc1b370ee81,309,0,b219a449bb6642f8df03eeb53acc444f4695a608,LANG_3_2_RC1,2012-09-22 13:22:30,LANG_3_2_RC1,,org.apache.commons.lang3.time.DateUtils,org.apache.commons.lang3.time,108
109,826,src\main\java\org\apache\commons\lang3\time\FastDateParser.java,62d5c0eecbb3af921c857b9ef3ed0a9e95fb4dee,20,0,bb8164bb2c59e42f5858f55af00f7968528fce94,LANG_3_2_RC1,2012-09-25 01:07:01,LANG_3_2_RC1,,org.apache.commons.lang3.time.FastDateParser,org.apache.commons.lang3.time,109
110,828,src\main\java\org\apache\commons\lang3\time\FastDateParser.java,d7af9435485453053a61f9baaca616602d8a4fd8,373,0,e582456625cc8a7056cc9354d2a75913f4ceb393,LANG_3_2_RC1,2012-09-26 18:03:24,LANG_3_2_RC1,,org.apache.commons.lang3.time.FastDateParser,org.apache.commons.lang3.time,110
111,831,src\main\java\org\apache\commons\lang3\time\FastDateParser.java,ad72b9f2bf37bd61af18bde67c1622d90a5d8766,47,0,192b1e1b6b96da05cb000b2c89b71467cbfaf245,LANG_3_2_RC1,2012-09-27 00:09:15,LANG_3_2_RC1,,org.apache.commons.lang3.time.FastDateParser,org.apache.commons.lang3.time,111
112,832,src\main\java\org\apache\commons\lang3\time\FastDateParser.java,65a6458eaa2e1f88278e4bb5753a68bd825e3a80,17,0,ad72b9f2bf37bd61af18bde67c1622d90a5d8766,LANG_3_2_RC1,2012-09-27 00:55:31,LANG_3_2_RC1,,org.apache.commons.lang3.time.FastDateParser,org.apache.commons.lang3.time,112
113,818,src\main\java\org\apache\commons\lang3\time\FastDatePrinter.java,04babff3798680e012646988841bcc710a9e3c54,114,0,cfab1e4fa19755d65de7b81206d86f9e98622d8e,LANG_3_2_RC1,2012-09-27 12:56:19,LANG_3_2_RC1,,org.apache.commons.lang3.time.FastDatePrinter,org.apache.commons.lang3.time,113
114,838,src\main\java\org\apache\commons\lang3\ArrayUtils.java,2be663db75e15f760ab03cf43ac97dd965414070,120,0,6545db8bb7fc951a85031b01072d7cc6b40060e6,LANG_3_2_RC1,2012-09-28 23:30:31,LANG_3_2_RC1,,org.apache.commons.lang3.ArrayUtils,org.apache.commons.lang3,114
115,822,src\main\java\org\apache\commons\lang3\math\NumberUtils.java,350cf8c2da08ccde6b4d71b19bb3df97256ea368,80,0,a7b467a74cbe1160d676dc070a19d19764e132a3,LANG_3_2_RC1,2012-11-11 13:16:22,LANG_3_2_RC1,,org.apache.commons.lang3.math.NumberUtils,org.apache.commons.lang3.math,115
116,881,src\main\java\org\apache\commons\lang3\math\NumberUtils.java,b3db6ed9efd0b8ed8a940f2735abb156030d10f9,160,0,5df8f55e4fb60d4e7bc7c3280e0c919c0cb0ac37,LANG_3_2_RC1,2013-03-27 15:52:25,LANG_3_2_RC1,,org.apache.commons.lang3.math.NumberUtils,org.apache.commons.lang3.math,116
117,882,src\main\java\org\apache\commons\lang3\text\translate\LookupTranslator.java,0cdc976684efcf478397b68c1d54cefc87bb92c9,68,0,cd91a4f2cd0ced1178e8fd1f49229196eb88094c,LANG_3_2_RC1,2013-04-23 06:00:41,LANG_3_2_RC1,,org.apache.commons.lang3.text.translate.LookupTranslator,org.apache.commons.lang3.text.translate,117
118,693,src\main\java\org\apache\commons\lang3\math\NumberUtils.java,8a1042959df80c06dbfa83896594caa8e20ff9d6,90,0,64cfee77e333d0c31a0fde0abe6dac3d97b0f078,LANG_3_2_RC1,2013-05-19 10:22:13,LANG_3_2_RC1,,org.apache.commons.lang3.math.NumberUtils,org.apache.commons.lang3.math,118
119,836,src\main\java\org\apache\commons\lang3\text\StrSubstitutor.java,22c37d530734969c473fcc26278d6cb92bd622d0,412,0,ae987e17708f19aa230c51578e4b8c2d21acd7e8,LANG_3_2_RC1,2013-05-30 16:34:20,LANG_3_2_RC1,,org.apache.commons.lang3.text.StrSubstitutor,org.apache.commons.lang3.text,119
120,879,src\main\java\org\apache\commons\lang3\LocaleUtils.java,dcde57852a97a9ac8021d2440b3de5be4870ecf6,14,0,8b494b784dca4de7d79c58e0f00dd4756c04cf89,LANG_3_2_RC1,2013-05-30 22:12:41,LANG_3_2_RC1,,org.apache.commons.lang3.LocaleUtils,org.apache.commons.lang3,120
121,896,src\main\java\org\apache\commons\lang3\BooleanUtils.java,ef9623ef8ecc198849661eb5cd052938977f1d80,105,0,dcde57852a97a9ac8021d2440b3de5be4870ecf6,LANG_3_2_RC1,2013-05-30 22:44:47,LANG_3_2_RC1,,org.apache.commons.lang3.BooleanUtils,org.apache.commons.lang3,121
122,921,src\main\java\org\apache\commons\lang3\BooleanUtils.java,aadbea734d78e8d535d3a5837643336ca1384bd2,168,0,a01e450694ee3d6049dd637ae700f36d173d6463,LANG_3_2_RC1,2013-10-15 18:31:40,LANG_3_2_RC1,,org.apache.commons.lang3.BooleanUtils,org.apache.commons.lang3,122
123,902,src\main\java\org\apache\commons\lang3\RandomStringUtils.java,cb3d478b789fbb14e387422e1aed4b7be4304fbd,40,0,0de9354f505f415c7ad35fe735cebab4900a698a,LANG_3_2_RC1,2013-10-16 08:28:42,LANG_3_2_RC1,,org.apache.commons.lang3.RandomStringUtils,org.apache.commons.lang3,123
124,917,src\main\java\org\apache\commons\lang3\text\ExtendedMessageFormat.java,be370cd0ef134bb44fde733e4ee91661a012dae5,20,0,a93703d002bc4850e7adcdfc9b51664fca7b8836,LANG_3_2_RC1,2013-10-24 20:54:34,LANG_3_2_RC1,,org.apache.commons.lang3.text.ExtendedMessageFormat,org.apache.commons.lang3.text,124
125,3,src\main\java\org\apache\commons\lang3\text\translate\OctalUnescaper.java,6ea7f2f7afcd6d60d62a5cd1392feda3471fc666,18,0,38f8b88528487efc4e53ac6c91f08fbaaa2a82d6,LANG_3_2_RC1,2013-10-26 02:14:35,LANG_3_2_RC1,,org.apache.commons.lang3.text.translate.OctalUnescaper,org.apache.commons.lang3.text.translate,125
126,80,src\main\java\org\apache\commons\lang3\text\StrSubstitutor.java,374a1f267a1a18b4355f61f86eb38ef94aa46e60,134,0,0563c9d60341c568ce04d8a8c9162dc5cd5a1aed,LANG_3_2_RC1,2013-12-20 13:25:37,LANG_3_2_RC1,,org.apache.commons.lang3.text.StrSubstitutor,org.apache.commons.lang3.text,126
127,915,src\main\java\org\apache\commons\lang3\LocaleUtils.java,8ea0c0284810bd6ec00f608be31abd20dbd4b72b,300,0,e42dad3901e2fd6dcb0388bab79719cb0071187f,LANG_3_3_RC1,2014-01-11 13:06:36,LANG_3_3_RC1,,org.apache.commons.lang3.LocaleUtils,org.apache.commons.lang3,127
128,950,src\main\java\org\apache\commons\lang3\time\FastDateParser.java,03645a1ec13a33d15d10270be759ddeaf9a5f7b5,320,0,2abe2c8366bebe043fe7aef7d091f7b169fcec79,LANG_3_3_RC1,2014-01-13 23:01:23,LANG_3_3_RC1,,org.apache.commons.lang3.time.FastDateParser,org.apache.commons.lang3.time,128
129,951,src\main\java\org\apache\commons\lang3\time\DateUtils.java,0942ef04f1fa911d382b79a92dca1dd4b3eb88e6,24,0,8252b04a45722648ce2225853de9882b3b0de034,LANG_3_3_RC1,2014-01-20 17:19:59,LANG_3_3_RC1,,org.apache.commons.lang3.time.DateUtils,org.apache.commons.lang3.time,129
130,936,src\main\java\org\apache\commons\lang3\StringUtils.java,8cd2339a9788cf2c6e44b6761d3a19259fbe1df3,12,0,3a8595f1a57759044be301fc76a2300b7f2efe66,LANG_3_3_RC1,2014-01-22 08:19:22,LANG_3_3_RC1,,org.apache.commons.lang3.StringUtils,org.apache.commons.lang3,130
131,954,src\main\java\org\apache\commons\lang3\time\FastDateParser.java,8630180fffa0e8daf0369f55e9b267307c00e583,25,0,2d55e408ed626dde3e7965b5e28223280d8bb174,LANG_3_3_RC1,2014-01-24 16:00:35,LANG_3_3_RC1,,org.apache.commons.lang3.time.FastDateParser,org.apache.commons.lang3.time,131
132,972,src\main\java\org\apache\commons\lang3\math\NumberUtils.java,5a509030a946646780e963b9f492a4eaff734116,48,0,159415855d06d186e86a70f3d4aba8c2e96d4b34,LANG_3_3_RC1,2014-02-11 02:34:36,LANG_3_3_RC1,,org.apache.commons.lang3.math.NumberUtils,org.apache.commons.lang3.math,132
133,971,src\main\java\org\apache\commons\lang3\math\NumberUtils.java,9397608dd35a335d5e14813c0923f9419782980a,270,0,5a509030a946646780e963b9f492a4eaff734116,LANG_3_3_RC1,2014-02-11 02:53:03,LANG_3_3_RC1,,org.apache.commons.lang3.math.NumberUtils,org.apache.commons.lang3.math,133
134,977,src\main\java\org\apache\commons\lang3\StringEscapeUtils.java,ab1424015085472b2d3865668e370aec8a102331,30,0,408462e80d57be420c153b67f69110e27776d4eb,LANG_3_3_RC1,2014-02-15 10:35:35,LANG_3_3_RC1,,org.apache.commons.lang3.StringEscapeUtils,org.apache.commons.lang3,134
135,984,src\main\java\org\apache\commons\lang3\time\DurationFormatUtils.java,cf4138d7bc1a892295ccd58ea8b42f7c8737239a,280,0,ddc06197e4c9cdd009ba2a039dca77099797c584,LANG_3_3_1_RC1,2014-03-03 21:10:40,LANG_3_3_1_RC1,,org.apache.commons.lang3.time.DurationFormatUtils,org.apache.commons.lang3.time,135
136,978,src\main\java\org\apache\commons\lang3\time\DurationFormatUtils.java,77f5fe29e317c634bced62e54f6ead8a1c85c238,50,0,8b5e3eb81ddf3417f8f628c211507694ce2b92bb,LANG_3_3_1_RC1,2014-03-03 21:32:07,LANG_3_3_1_RC1,,org.apache.commons.lang3.time.DurationFormatUtils,org.apache.commons.lang3.time,136
137,981,src\main\java\org\apache\commons\lang3\time\DurationFormatUtils.java,aadd8e172eb22fb593fbaa454075677656fad111,17,0,8d360ae70732ae26d961f76da5a98c44ac5931c6,LANG_3_3_1_RC1,2014-03-03 21:44:15,LANG_3_3_1_RC1,,org.apache.commons.lang3.time.DurationFormatUtils,org.apache.commons.lang3.time,137
138,983,src\main\java\org\apache\commons\lang3\time\DurationFormatUtils.java,1a97c7efe11f290d8f127e5320525d0d72422b56,37,0,aadd8e172eb22fb593fbaa454075677656fad111,LANG_3_3_1_RC1,2014-03-03 22:31:28,LANG_3_3_1_RC1,,org.apache.commons.lang3.time.DurationFormatUtils,org.apache.commons.lang3.time,138
139,987,src\main\java\org\apache\commons\lang3\time\DateUtils.java,80bd3fdb42a5d816ded9d9111c7dac3ce57c3101,36,0,66a37174a0398d76ff95904c22e77bc65890eec0,LANG_3_3_1_RC1,2014-03-13 21:40:26,LANG_3_3_1_RC1,,org.apache.commons.lang3.time.DateUtils,org.apache.commons.lang3.time,139
140,992,src\main\java\org\apache\commons\lang3\math\NumberUtils.java,cf03e6173b70ad64337704402bea51600cddd1ba,18,0,708da45999d8e545bfbae17a092c68df94061756,LANG_3_3_2_RC1,2014-03-28 03:10:27,LANG_3_3_2_RC1,,org.apache.commons.lang3.math.NumberUtils,org.apache.commons.lang3.math,140
141,995,src\main\java\org\apache\commons\lang3\text\WordUtils.java,fbb0f7f88c84001e0a92dae6a71b7e43bda65a56,30,0,d99f581745097c9562f1d701a6da66cd81a550f2,LANG_3_4_RC1,2014-04-11 13:28:30,LANG_3_4_RC1,,org.apache.commons.lang3.text.WordUtils,org.apache.commons.lang3.text,141
142,1003,src\main\java\org\apache\commons\lang3\time\DurationFormatUtils.java,4b74c385628ed1766209a79705a2d5986c23d02c,58,0,248630054801b048e6629a37a62e9efd69a7a756,LANG_3_4_RC1,2014-05-04 08:49:27,LANG_3_4_RC1,,org.apache.commons.lang3.time.DurationFormatUtils,org.apache.commons.lang3.time,142
143,1004,src\main\java\org\apache\commons\lang3\time\DurationFormatUtils.java,fd54d42f78ae17a96fc005d2fcd080807343aad7,28,0,00dc479f6a1d204d557f4cb1d981ba236fe09565,LANG_3_4_RC1,2014-05-04 15:40:59,LANG_3_4_RC1,,org.apache.commons.lang3.time.DurationFormatUtils,org.apache.commons.lang3.time,143
144,22,src\main\java\org\apache\commons\lang3\math\NumberUtils.java,d910918faf359f8144d4195ead470fd0921554dc,66,0,75fbc009dd10b4436d59a7528f1854fd3364e18c,LANG_3_4_RC1,2014-05-05 17:48:48,LANG_3_4_RC1,,org.apache.commons.lang3.math.NumberUtils,org.apache.commons.lang3.math,144
145,21,src\main\java\org\apache\commons\lang3\StringUtils.java,c3d65461a327b98ce5f582c45a48b6bb2b21d03d,424,0,80f198826443bec65bf032e729d40c3b6cb2a665,LANG_3_4_RC1,2014-05-06 17:28:50,LANG_3_4_RC1,,org.apache.commons.lang3.StringUtils,org.apache.commons.lang3,145
146,13,src\main\java\org\apache\commons\lang3\tuple\ImmutablePair.java,01fe91839a86c675e312293095956c07d87e935c,16,0,bd7a8d5004cafd50f9ffa431b506178f148657cb,LANG_3_4_RC1,2014-05-06 17:57:38,LANG_3_4_RC1,,org.apache.commons.lang3.tuple.ImmutablePair,org.apache.commons.lang3.tuple,146
147,20,src\main\java\org\apache\commons\lang3\StringUtils.java,b78295b4faca2fd26024a26ef4638b0dce5d40a3,476,0,287aba5b2eff81c0f7c62cb37a6adfc5e331f99f,LANG_3_4_RC1,2014-05-07 18:42:33,LANG_3_4_RC1,,org.apache.commons.lang3.StringUtils,org.apache.commons.lang3,147
148,23,src\main\java\org\apache\commons\lang3\math\NumberUtils.java,3728344459e91509c4b5b80d67a50c98063e08bd,189,0,10f136bb012c499a4cf3c676a5ec625559fef1c6,LANG_3_4_RC1,2014-05-07 19:05:39,LANG_3_4_RC1,,org.apache.commons.lang3.math.NumberUtils,org.apache.commons.lang3.math,148
149,27,src\main\java\org\apache\commons\lang3\StringUtils.java,bc8e23808b9d8d0c9b67270ef35d04ebd9d89cc8,230,0,092d6da56691fbd7212229c5a0a09bdac80d1510,LANG_3_4_RC1,2014-08-25 13:04:54,LANG_3_4_RC1,,org.apache.commons.lang3.StringUtils,org.apache.commons.lang3,149
150,1035,src\main\java\org\apache\commons\lang3\builder\EqualsBuilder.java,2154d5fbf8cc02cc4d51b63d6a532af06cccd0fc,82,0,1e6c8c1495d0c70899cb3e4bce2975901c9c2b04,LANG_3_4_RC1,2014-09-10 11:32:53,LANG_3_4_RC1,,org.apache.commons.lang3.builder.EqualsBuilder,org.apache.commons.lang3.builder,150
151,32,src\main\java\org\apache\commons\lang3\ArrayUtils.java,ef26a667633275fa656b74b841f9e74a3a6879ab,1526,0,09cee6a4ada4c7bb69fb32be33001290b744e0fa,LANG_3_4_RC1,2014-10-19 05:52:37,LANG_3_4_RC1,,org.apache.commons.lang3.ArrayUtils,org.apache.commons.lang3,151
152,34,src\main\java\org\apache\commons\lang3\builder\MultilineRecursiveToStringStyle.java,635e41ea181c5fee8860a7044c84ae3557b51189,989,0,85c18d0ee864d07081cc2af43d760f752496a7d3,LANG_3_4_RC1,2014-11-09 12:47:12,LANG_3_4_RC1,,org.apache.commons.lang3.builder.MultilineRecursiveToStringStyle,org.apache.commons.lang3.builder,152
153,1072,src\main\java\org\apache\commons\lang3\math\NumberUtils.java,0162032aa4ea1084e4bccbce6fbfc48ae4b0cc48,10,0,21201210e254fc7d73fa646f28ce786d94fa2d28,LANG_3_4_RC1,2014-12-03 01:35:22,LANG_3_4_RC1,,org.apache.commons.lang3.math.NumberUtils,org.apache.commons.lang3.math,153
154,1077,src\main\java\org\apache\commons\lang3\StringUtils.java,e5a3039f7a1e727fca40db7357a9191b6a7cf41d,24,0,05763470e5a067eb153533d47baa73174ad9bd46,LANG_3_4_RC1,2014-12-13 02:00:18,LANG_3_4_RC1,,org.apache.commons.lang3.StringUtils,org.apache.commons.lang3,154
155,1073,src\main\java\org\apache\commons\lang3\ArrayUtils.java,4a2cc4f5da0fbf9552d2b35aa457de64c47626b9,12,0,e5a3039f7a1e727fca40db7357a9191b6a7cf41d,LANG_3_4_RC1,2014-12-14 18:22:06,LANG_3_4_RC1,,org.apache.commons.lang3.ArrayUtils,org.apache.commons.lang3,155
156,1071,src\main\java\org\apache\commons\lang3\StringUtils.java,c5332828bde1cc98dfa7a00f65a05bec51ede088,312,0,5cb1ae60249745bb9b9f019b58eea5132abf1032,LANG_3_4_RC1,2014-12-27 16:45:42,LANG_3_4_RC1,,org.apache.commons.lang3.StringUtils,org.apache.commons.lang3,156
157,40,src\main\java\org\apache\commons\lang3\builder\ToStringStyle.java,c87380f0d932d115d1e46d0ee76958186c1a5c87,296,0,e22e0669cdd18a94c9c27fc73f1709c405420c09,LANG_3_4_RC1,2014-12-31 16:34:49,LANG_3_4_RC1,,org.apache.commons.lang3.builder.ToStringStyle,org.apache.commons.lang3.builder,157
158,12,src\main\java\org\apache\commons\lang3\builder\ToStringStyle.java,c4ddbe6456c9631c301171098a8ac016eb4e582c,1683,0,c87380f0d932d115d1e46d0ee76958186c1a5c87,LANG_3_4_RC1,2015-01-01 19:01:41,LANG_3_4_RC1,,org.apache.commons.lang3.builder.ToStringStyle,org.apache.commons.lang3.builder,158
159,1083,src\main\java\org\apache\commons\lang3\SerializationUtils.java,6eac3468d4569e64f18757225aa8f7fd6f2a5241,10,0,89c8519238523873277e76ea87422aebaf17898c,LANG_3_4_RC1,2015-01-20 17:30:11,LANG_3_4_RC1,,org.apache.commons.lang3.SerializationUtils,org.apache.commons.lang3,159
160,44,src\main\java\org\apache\commons\lang3\builder\DiffBuilder.java,38ed1a07259862eceaad05c6581b7f34e85f6be7,208,0,6eac3468d4569e64f18757225aa8f7fd6f2a5241,LANG_3_4_RC1,2015-01-23 07:56:14,LANG_3_4_RC1,,org.apache.commons.lang3.builder.DiffBuilder,org.apache.commons.lang3.builder,160
161,1055,src\main\java\org\apache\commons\lang3\text\StrLookup.java,63f1d6b83bc10a2880f5ec17a172fab284d2eff5,224,0,cc991feadbcee678635f7831ad8091ab8698d508,LANG_3_4_RC1,2015-01-23 08:10:24,LANG_3_4_RC1,,org.apache.commons.lang3.text.StrLookup,org.apache.commons.lang3.text,161
162,1081,src\main\java\org\apache\commons\lang3\builder\DiffBuilder.java,ffc38b1f3b35ddfadb942240b9d2f933ec83d1be,22,0,3181b407668fa09b83ff80126b5abdfc4074ab9a,LANG_3_4_RC1,2015-01-23 08:25:43,LANG_3_4_RC1,,org.apache.commons.lang3.builder.DiffBuilder,org.apache.commons.lang3.builder,162
163,46,src\main\java\org\apache\commons\lang3\concurrent\AtomicSafeInitializer.java,bdb5d9723056941a0a29aabc2eaf81b2c96956b5,128,0,ffdc4272f4d67e2673910cc3a361144dd34ca22f,LANG_3_4_RC1,2015-02-23 20:15:49,LANG_3_4_RC1,,org.apache.commons.lang3.concurrent.AtomicSafeInitializer,org.apache.commons.lang3.concurrent,163
164,1087,src\main\java\org\apache\commons\lang3\math\NumberUtils.java,45a6467088a08e447d7f2983551021b91c70ab49,170,0,61836183b1d84a18dbcc084d1f41bcecf752f9fd,LANG_3_4_RC1,2015-03-01 16:48:22,LANG_3_4_RC1,,org.apache.commons.lang3.math.NumberUtils,org.apache.commons.lang3.math,164
165,1061,src\main\java\org\apache\commons\lang3\time\FastDateParser.java,2367948a0f7bbcf42cb3ef9d97216319a526d3eb,15,0,45a6467088a08e447d7f2983551021b91c70ab49,LANG_3_4_RC1,2015-03-01 17:59:34,LANG_3_4_RC1,,org.apache.commons.lang3.time.FastDateParser,org.apache.commons.lang3.time,165
166,1089,src\main\java\org\apache\commons\lang3\time\FastDateParser.java,7c8443f66c1a1852d31a4f3b9f096e5eecef5eb5,70,0,6ec90c452fb1af67ede5720822d4503600522ff4,LANG_3_4_RC1,2015-03-02 16:29:45,LANG_3_4_RC1,,org.apache.commons.lang3.time.FastDateParser,org.apache.commons.lang3.time,166
167,1090,src\main\java\org\apache\commons\lang3\time\FastDateParser.java,ce7f4ed073b5a7b326871bd2339e355dbe9468fa,55,0,8db46b1d09c52ad32fd9360a1f0d627784523f8c,LANG_3_4_RC1,2015-03-02 21:28:13,LANG_3_4_RC1,,org.apache.commons.lang3.time.FastDateParser,org.apache.commons.lang3.time,167
168,48,src\main\java\org\apache\commons\lang3\ClassUtils.java,d38919fcbda835f0ad82d65f25349bd7105b67cc,407,0,ce7f4ed073b5a7b326871bd2339e355dbe9468fa,LANG_3_4_RC1,2015-03-13 07:29:21,LANG_3_4_RC1,,org.apache.commons.lang3.ClassUtils,org.apache.commons.lang3,168
169,49,src\main\java\org\apache\commons\lang3\CharUtils.java,1f75a8f7cc28fef663eaca75e831c9da11ea2b0e,83,0,a234f033b67a9068702ea2aa5c87e18dbc4f854b,LANG_3_4_RC1,2015-03-13 18:18:59,LANG_3_4_RC1,,org.apache.commons.lang3.CharUtils,org.apache.commons.lang3,169
170,1092,src\main\java\org\apache\commons\lang3\time\FastDatePrinter.java,8aa1b44ada759e7948f87f55bb29ab87b5eb5469,18,0,1f75a8f7cc28fef663eaca75e831c9da11ea2b0e,LANG_3_4_RC1,2015-03-13 20:29:06,LANG_3_4_RC1,,org.apache.commons.lang3.time.FastDatePrinter,org.apache.commons.lang3.time,170
171,51,src\main\java\org\apache\commons\lang3\text\StrBuilder.java,3328387a53e6abc26e171b97d8d3dc1c2b5d4971,375,0,1181552e7d260e860b7f62def1c39f7b0fcae4a4,LANG_3_4_RC1,2015-03-14 12:25:06,LANG_3_4_RC1,,org.apache.commons.lang3.text.StrBuilder,org.apache.commons.lang3.text,171
172,948,src\main\java\org\apache\commons\lang3\text\ExtendedMessageFormat.java,bf6ee5c56eb32bb572c240d765d542c048ec9565,175,0,cbeb45b243897dd974978ac339c40c2915b638d1,LANG_3_4_RC1,2015-03-14 12:46:02,LANG_3_4_RC1,,org.apache.commons.lang3.text.ExtendedMessageFormat,org.apache.commons.lang3.text,172
173,57,src\main\java\org\apache\commons\lang3\ClassUtils.java,a211ef288c45fdeee5f05fa4708a3d9e23d1cdd4,30,0,c8e96c0c733ea06ac7481c85f04a8e10ae262ec1,LANG_3_4_RC1,2015-03-26 10:24:19,LANG_3_4_RC1,,org.apache.commons.lang3.ClassUtils,org.apache.commons.lang3,173
174,794,src\main\java\org\apache\commons\lang3\SystemUtils.java,9c7b0fb8e681b901e5fc40c699e4730855f2c14d,228,0,8c84cfda26c23af0d7106d6fec17c36a4853bfd4,LANG_3_4_RC2,2015-04-03 12:01:59,LANG_3_4_RC2,,org.apache.commons.lang3.SystemUtils,org.apache.commons.lang3,174
175,59,src\main\java\org\apache\commons\lang3\SystemUtils.java,09c42e7d12b2936ac0dc5c67200c28b6412bd395,804,0,9c7b0fb8e681b901e5fc40c699e4730855f2c14d,LANG_3_4_RC2,2015-04-03 12:09:07,LANG_3_4_RC2,,org.apache.commons.lang3.SystemUtils,org.apache.commons.lang3,175
176,33,src\main\java\org\apache\commons\lang3\ArrayUtils.java,7ef106b23772995e4307f84afd1bee4e2337ce0c,117,0,2f67045b9647de10ea5d01d8d1e98ac7de3e1cfb,LANG_3_5_RC1,2015-04-09 06:27:15,LANG_3_5_RC1,,org.apache.commons.lang3.ArrayUtils,org.apache.commons.lang3,176
177,1069,src\main\java\org\apache\commons\lang3\CharSet.java,71f6746f81bb9650f6f228ea204d85ba2c5b7392,92,0,9bebec9cf9e6f4f1f0ae0673ab3fc672f87d18b1,LANG_3_5_RC1,2015-04-11 06:02:34,LANG_3_5_RC1,,org.apache.commons.lang3.CharSet,org.apache.commons.lang3,177
178,1112,src\main\java\org\apache\commons\lang3\builder\MultilineRecursiveToStringStyle.java,df37e605fe4b027406bd9dd85b320526ab12a122,8,0,73a8fba6fb23af45ee77f52f33bb8d791a9caa05,LANG_3_5_RC1,2015-04-18 18:44:36,LANG_3_5_RC1,,org.apache.commons.lang3.builder.MultilineRecursiveToStringStyle,org.apache.commons.lang3.builder,178
179,1118,src\main\java\org\apache\commons\lang3\StringUtils.java,1b9d938d66a172b200fd90d4a61707852bdb4b8f,20,0,8e7df02eda7a1aac56a884e3d52c6d72073028b5,LANG_3_5_RC1,2015-04-23 11:41:51,LANG_3_5_RC1,,org.apache.commons.lang3.StringUtils,org.apache.commons.lang3,179
180,1114,src\main\java\org\apache\commons\lang3\reflect\TypeUtils.java,e2c0ea4374c02539ad9bc6c4328b74f25eb72405,12,0,63d8a025e6f38ddfc966c4104ac783bcb59031e0,LANG_3_5_RC1,2015-04-28 20:07:21,LANG_3_5_RC1,,org.apache.commons.lang3.reflect.TypeUtils,org.apache.commons.lang3.reflect,180
181,1116,src\main\java\org\apache\commons\lang3\time\DateUtils.java,bea1ae92aa52a985f8c171c6e17ff7fc4aa61fe4,208,0,cb83f7cb31e50f265e098c5380b3f0051e257f46,LANG_3_5_RC1,2015-04-30 23:19:38,LANG_3_5_RC1,,org.apache.commons.lang3.time.DateUtils,org.apache.commons.lang3.time,181
182,916,src\main\java\org\apache\commons\lang3\time\DatePrinter.java,775203dd2cfce017910d04c58a0b1b4e0a64923c,44,0,bea1ae92aa52a985f8c171c6e17ff7fc4aa61fe4,LANG_3_5_RC1,2015-05-01 02:21:26,LANG_3_5_RC1,,org.apache.commons.lang3.time.DatePrinter,org.apache.commons.lang3.time,182
183,456,src\main\java\org\apache\commons\lang3\builder\HashCodeBuilder.java,b5749b4f54b30c0c2050e456c12cfcf516434f13,150,0,4796a0a79259bbaf4fdab61dd158cb658e6a8d44,LANG_3_5_RC1,2015-05-01 20:21:11,LANG_3_5_RC1,,org.apache.commons.lang3.builder.HashCodeBuilder,org.apache.commons.lang3.builder,183
184,1131,src\main\java\org\apache\commons\lang3\text\StrBuilder.java,fc73151cfca36ea2641f340700dbe339b9e1f103,20,0,e2ec4f2fdb2bb8d97f64a33e9ac288d52854a530,LANG_3_5_RC1,2015-05-05 17:17:40,LANG_3_5_RC1,,org.apache.commons.lang3.text.StrBuilder,org.apache.commons.lang3.text,184
185,1132,src\main\java\org\apache\commons\lang3\builder\ReflectionToStringBuilder.java,39380da86acc717f419da48f070f8cf7d9f9ec94,75,0,474a837858a8e7a98316f97e9ed387d0161015f2,LANG_3_5_RC1,2015-05-06 03:43:03,LANG_3_5_RC1,,org.apache.commons.lang3.builder.ReflectionToStringBuilder,org.apache.commons.lang3.builder,185
186,1133,src\main\java\org\apache\commons\lang3\time\FastDateParser.java,71d7c3264239c55b6e2daf89c44c5685085f26dd,438,0,a9a73a7b2df1455646a7e0207712be6d4412e817,LANG_3_5_RC1,2015-05-09 23:40:56,LANG_3_5_RC1,,org.apache.commons.lang3.time.FastDateParser,org.apache.commons.lang3.time,186
187,26,src\main\java\org\apache\commons\lang3\builder\ToStringStyle.java,61bec859ac3ee087a69edeed8b65ec39a6646f18,20,0,71d7c3264239c55b6e2daf89c44c5685085f26dd,LANG_3_5_RC1,2015-05-11 17:17:43,LANG_3_5_RC1,,org.apache.commons.lang3.builder.ToStringStyle,org.apache.commons.lang3.builder,187
188,10,src\main\java\org\apache\commons\lang3\concurrent\EventCountCircuitBreaker.java,89eea1e72b6c9f9faa986fbe548a4fb1914cca9d,2729,0,6c687c70a1d5cdbc71c113b7d7402dd89a942849,LANG_3_5_RC1,2015-06-11 19:39:40,LANG_3_5_RC1,,org.apache.commons.lang3.concurrent.EventCountCircuitBreaker,org.apache.commons.lang3.concurrent,188
189,1147,src\main\java\org\apache\commons\lang3\EnumUtils.java,06b7cd3a31c4565ceb0a127273ef800a3d084caf,40,0,529964961fd1575013297bc6d4db4528133ee371,LANG_3_5_RC1,2015-06-12 23:38:27,LANG_3_5_RC1,,org.apache.commons.lang3.EnumUtils,org.apache.commons.lang3,189
190,1152,src\main\java\org\apache\commons\lang3\time\FastDatePrinter.java,52b46e74dd29eb3eb65a593a872fd57694bc154c,55,0,40134ecdb327d1b82936f7ee3fa925b7b181c726,LANG_3_5_RC1,2015-07-08 04:15:58,LANG_3_5_RC1,,org.apache.commons.lang3.time.FastDatePrinter,org.apache.commons.lang3.time,190
191,1002,src\main\java\org\apache\commons\lang3\time\DateFormatUtils.java,958029bdd45c3e341eb146031ed38b4487d7b0b7,298,0,52b46e74dd29eb3eb65a593a872fd57694bc154c,LANG_3_5_RC1,2015-07-08 05:50:53,LANG_3_5_RC1,,org.apache.commons.lang3.time.DateFormatUtils,org.apache.commons.lang3.time,191
192,1120,src\main\java\org\apache\commons\lang3\StringUtils.java,a0b798c27a0312df2a110073bd7888993e56d05c,75,0,dd5a0e6e1e3edb41afb4b40e4ec2c99e5932e73c,LANG_3_5_RC1,2015-07-13 23:54:35,LANG_3_5_RC1,,org.apache.commons.lang3.StringUtils,org.apache.commons.lang3,192
193,1142,src\main\java\org\apache\commons\lang3\StringUtils.java,421db380d060e9f037a8ecbc446c414efaa6923f,12,0,cc1aed9bdf196403c673a886bbf723101171a9bf,LANG_3_5_RC1,2015-07-19 08:25:10,LANG_3_5_RC1,,org.apache.commons.lang3.StringUtils,org.apache.commons.lang3,193
194,1162,src\main\java\org\apache\commons\lang3\StringUtils.java,6849dfc8a660bf8c95354520a2fa1283c9b3aa43,25,0,fad946a1d79486c5118a596e8ac67ef7d5189070,LANG_3_5_RC1,2015-08-10 21:42:21,LANG_3_5_RC1,,org.apache.commons.lang3.StringUtils,org.apache.commons.lang3,194
195,1163,src\main\java\org\apache\commons\lang3\CharSequenceUtils.java,e8a2c29721d145c52c970049e5469cfb0dcefd87,72,0,68acbc803e416a38616bc25505cb88dde81af5ca,LANG_3_5_RC1,2015-08-11 13:29:57,LANG_3_5_RC1,,org.apache.commons.lang3.CharSequenceUtils,org.apache.commons.lang3,195
196,1182,src\main\java\org\apache\commons\lang3\StringUtils.java,1260e09d6f2314c7099d061f1c65e6b4275cb8a1,108,0,481137553f878e2f69ce05129d4aecbf016a1756,LANG_3_5_RC1,2015-11-08 21:44:07,LANG_3_5_RC1,,org.apache.commons.lang3.StringUtils,org.apache.commons.lang3,196
197,1178,src\main\java\org\apache\commons\lang3\ArrayUtils.java,5eae0a646469672d1cc5385bd7bd6aedc4aed19b,222,0,28f7862ab7c5b782977e839bdcb7853d01a7d8b3,LANG_3_5_RC1,2015-11-19 21:58:47,LANG_3_5_RC1,,org.apache.commons.lang3.ArrayUtils,org.apache.commons.lang3,197
198,1193,src\main\java\org\apache\commons\lang3\StringUtils.java,d75fe46b8f1b0d5c27887052ee4714d6a9c7ea4b,90,0,15e1ea2f4e5affe377fc303c1f637a73e3fbe625,LANG_3_5_RC1,2015-12-11 13:41:22,LANG_3_5_RC1,,org.apache.commons.lang3.StringUtils,org.apache.commons.lang3,198
199,1192,src\main\java\org\apache\commons\lang3\time\CalendarReflection.java,2fa0b168d62a07365b2787d0ed97fa1c2cfb673b,389,0,2ebf9a21d2dc99ab2f434111cac9dcd6da99d574,LANG_3_5_RC1,2015-12-14 00:38:35,LANG_3_5_RC1,,org.apache.commons.lang3.time.CalendarReflection,org.apache.commons.lang3.time,199
200,1232,src\main\java\org\apache\commons\lang3\builder\DiffBuilder.java,b212aa3c6fb91c34a0faccdf783a0a085d40be94,55,0,f02261849ec44fccb94b15b1b0e8afc8fff6edd9,LANG_3_5_RC1,2016-01-24 05:35:23,LANG_3_5_RC1,,org.apache.commons.lang3.builder.DiffBuilder,org.apache.commons.lang3.builder,200
201,1219,src\main\java\org\apache\commons\lang3\time\FastDateParser.java,3c92830ec51fb6b6e9a7ca2fb8fda324cd33e48a,577,0,38bafd283f2e5fed8ca33dcf1aac8e4bdf54450e,LANG_3_5_RC1,2016-04-23 20:02:54,LANG_3_5_RC1,,org.apache.commons.lang3.time.FastDateParser,org.apache.commons.lang3.time,201
202,1202,src\main\java\org\apache\commons\lang3\time\DateUtils.java,c99a787752770b8952297e24e07bd404cb2f4f74,10,0,ac1c341558ae3139a5c1eb07bf148230192d6f57,LANG_3_5_RC1,2016-04-24 00:44:44,LANG_3_5_RC1,,org.apache.commons.lang3.time.DateUtils,org.apache.commons.lang3.time,202
203,87,src\main\java\org\apache\commons\lang3\Validate.java,77d187eefc8596ef8203eb827486099cc8b27835,4490,0,2e3fa5c2532c95a95b4f52aeb5b7520282dd4691,LANG_3_5_RC1,2016-04-24 01:25:06,LANG_3_5_RC1,,org.apache.commons.lang3.Validate,org.apache.commons.lang3,203
204,89,src\main\java\org\apache\commons\lang3\reflect\MemberUtils.java,5e62bf80f345ff28d494c2b407a9e8691a9fb684,704,0,77d187eefc8596ef8203eb827486099cc8b27835,LANG_3_5_RC1,2016-04-24 03:22:08,LANG_3_5_RC1,,org.apache.commons.lang3.reflect.MemberUtils,org.apache.commons.lang3.reflect,204
205,1205,src\main\java\org\apache\commons\lang3\math\NumberUtils.java,b877fb9abef4a19eec9cc7329acbd433648b8f7b,20,0,5e62bf80f345ff28d494c2b407a9e8691a9fb684,LANG_3_5_RC1,2016-04-24 03:33:50,LANG_3_5_RC1,,org.apache.commons.lang3.math.NumberUtils,org.apache.commons.lang3.math,205
206,1229,src\main\java\org\apache\commons\lang3\builder\HashCodeBuilder.java,18b1bc203bdb236bfd9084193aa2d55d4b605139,300,0,9bd439b4e0aa69050ef1baa537e552fa4620e5d4,LANG_3_5_RC1,2016-05-15 14:28:48,LANG_3_5_RC1,,org.apache.commons.lang3.builder.HashCodeBuilder,org.apache.commons.lang3.builder,206
207,1230,src\main\java\org\apache\commons\lang3\builder\EqualsBuilder.java,b2c1afce7eb13ea44fc7d25562cc3bb83cc91b2f,110,0,a06c99b9c094d66f0d33bd69e15fe01ba52a8b05,LANG_3_5_RC1,2016-05-16 08:30:02,LANG_3_5_RC1,,org.apache.commons.lang3.builder.EqualsBuilder,org.apache.commons.lang3.builder,207
208,9,src\main\java\org\apache\commons\lang3\JavaVersion.java,b9f04d9be3e7ff300520da194fe29ed5c1861787,197,0,afedbae8aca69a092d65766640361801bf2b5d9b,LANG_3_5_RC1,2016-05-20 17:29:20,LANG_3_5_RC1,,org.apache.commons.lang3.JavaVersion,org.apache.commons.lang3,208
209,1199,src\main\java\org\apache\commons\lang3\StringUtils.java,c35a04102274b330aa833030c15f722b00062812,1050,0,43a9bab8c010d66744ae02b2d26020a946235202,LANG_3_5_RC1,2016-05-20 19:18:47,LANG_3_5_RC1,,org.apache.commons.lang3.StringUtils,org.apache.commons.lang3,209
210,901,src\main\java\org\apache\commons\lang3\StringUtils.java,9bc992b133f7169288f1fa6b53a04f74c1549947,246,0,2244ed9d63e037a85e1ab2ab2bc9b98f12a833dd,LANG_3_5_RC1,2016-05-21 15:41:15,LANG_3_5_RC1,,org.apache.commons.lang3.StringUtils,org.apache.commons.lang3,210
211,1226,src\main\java\org\apache\commons\lang3\StringUtils.java,7e85d1cf54b1e467607a0019b56f91577ebe2e4f,12,0,ed14537b802be2bce96c8d5a0e056daeb6f11b0c,LANG_3_5_RC1,2016-05-21 16:13:03,LANG_3_5_RC1,,org.apache.commons.lang3.StringUtils,org.apache.commons.lang3,211
212,1214,src\main\java\org\apache\commons\lang3\ClassUtils.java,fbb5d31a581c24e925c442a7754358d2b62a669d,94,0,e05b50e1daa8200ad488a332375200bab132f2ad,LANG_3_5_RC1,2016-05-23 01:45:49,LANG_3_5_RC1,,org.apache.commons.lang3.ClassUtils,org.apache.commons.lang3,212
213,1190,src\main\java\org\apache\commons\lang3\reflect\TypeUtils.java,13cd4e0ac3ab76a4dc091eda457f9a111727cba2,22,0,7e85d1cf54b1e467607a0019b56f91577ebe2e4f,LANG_3_5_RC1,2016-05-29 18:30:36,LANG_3_5_RC1,,org.apache.commons.lang3.reflect.TypeUtils,org.apache.commons.lang3.reflect,213
214,1242,src\main\java\org\apache\commons\lang3\text\translate\EntityArrays.java,8ef8e2a7a5326eef6180951207f65d3c29bce419,20,0,844b2901fe4049fba29ce8c6961dfa25966974ef,LANG_3_5_RC1,2016-05-30 12:45:03,LANG_3_5_RC1,,org.apache.commons.lang3.text.translate.EntityArrays,org.apache.commons.lang3.text.translate,214
215,1018,src\main\java\org\apache\commons\lang3\math\NumberUtils.java,8d6bc0ca625f3a1a98b486541fa613b2fac4b41c,130,0,7fd021d82ff431fb31f42bc6c5c44a3b979cb426,LANG_3_5_RC1,2016-06-10 04:04:18,LANG_3_5_RC1,,org.apache.commons.lang3.math.NumberUtils,org.apache.commons.lang3.math,215
216,1241,src\main\java\org\apache\commons\lang3\StringUtils.java,7fd021d82ff431fb31f42bc6c5c44a3b979cb426,26,0,f08c4f6ae9f8190bcaf0a8bbb82530233bf51bf9,LANG_3_5_RC1,2016-06-10 10:53:24,LANG_3_5_RC1,,org.apache.commons.lang3.StringUtils,org.apache.commons.lang3,216
217,1245,src\main\java\org\apache\commons\lang3\time\FastDatePrinter.java,10ebb32ce1806821518f52074f0d171fab20b3ea,50,0,6f318c10aaa996ed72464b36f5b235601ce7e971,LANG_3_5_RC1,2016-06-15 04:05:53,LANG_3_5_RC1,,org.apache.commons.lang3.time.FastDatePrinter,org.apache.commons.lang3.time,217
218,1248,src\main\java\org\apache\commons\lang3\time\FastDatePrinter.java,bd9adbb637a8a4aa5eb61c6fde2c576d0ab3c4fa,375,0,1d1883f0e20215720eb583fd43eee088808c616b,LANG_3_5_RC1,2016-07-17 02:24:55,LANG_3_5_RC1,,org.apache.commons.lang3.time.FastDatePrinter,org.apache.commons.lang3.time,218
219,1251,src\main\java\org\apache\commons\lang3\SerializationUtils.java,aa31bc6c313789c344d715b7c1aeea0cd8de47e2,115,0,0223a4d4cd127a1e209a04d8e1eff3296c0ed8c1,LANG_3_5_RC1,2016-07-27 05:00:46,LANG_3_5_RC1,,org.apache.commons.lang3.SerializationUtils,org.apache.commons.lang3,219
220,1261,src\main\java\org\apache\commons\lang3\ArrayUtils.java,1f56bd103d53c8c6ba7502c6586c26be01bfdb80,12,0,f30c4607a2b6dcc7dc4476d321fc1de32ce9b780,LANG_3_5_RC1,2016-08-23 17:22:55,LANG_3_5_RC1,,org.apache.commons.lang3.ArrayUtils,org.apache.commons.lang3,220
221,1262,src\main\java\org\apache\commons\lang3\builder\CompareToBuilder.java,c7c85ee39892df3ca007c6596c41654865be7e43,265,0,f30c4607a2b6dcc7dc4476d321fc1de32ce9b780,LANG_3_5_RC1,2016-08-30 19:53:54,LANG_3_5_RC1,,org.apache.commons.lang3.builder.CompareToBuilder,org.apache.commons.lang3.builder,221
222,1252,src\main\java\org\apache\commons\lang3\math\NumberUtils.java,c503d742f094dc2048b72c3f78f5e2e6070a44e1,252,0,1a1fc65b04bcbe2e95d0fa300fce110e1224906e,LANG_3_5_RC1,2016-09-11 01:01:08,LANG_3_5_RC1,,org.apache.commons.lang3.math.NumberUtils,org.apache.commons.lang3.math,222
223,1271,src\main\java\org\apache\commons\lang3\StringUtils.java,38140a5d8dffec88f7c88da73ce3989770e086e6,40,0,5acf310d08b2bc5182cf936616ef70938cb2c499,LANG_3_5,2016-09-24 12:52:42,LANG_3_5,,org.apache.commons.lang3.StringUtils,org.apache.commons.lang3,223
224,8,src\main\java\org\apache\commons\lang3\text\translate\EntityArrays.java,86a59601b570585dcb7a1ce3d1ccc8e16008f53a,572,0,a04151819758fceb7f0cb855d279c9d46b2e9851,LANG_3_5_RC1,2016-09-27 09:15:46,LANG_3_5_RC1,,org.apache.commons.lang3.text.translate.EntityArrays,org.apache.commons.lang3.text.translate,224
225,1278,src\main\java\org\apache\commons\lang3\BooleanUtils.java,91d6bd74fa358fdc8d7cb7681c76c509fd9a8e7d,76,0,6423a7665516d738ae50d272e3b4ca72cdb89a9d,LANG_3_5,2016-10-21 19:07:10,LANG_3_5,,org.apache.commons.lang3.BooleanUtils,org.apache.commons.lang3,225
226,1276,src\main\java\org\apache\commons\lang3\text\StrBuilder.java,10325422e5a4735aa87a4d47bdb377e09fe963d2,12,0,e2dbe55d56bd6c1209276050f527d36717e33e1d,LANG_3_5,2016-10-23 01:54:14,LANG_3_5,,org.apache.commons.lang3.text.StrBuilder,org.apache.commons.lang3.text,226
227,1188,src\main\java\org\apache\commons\lang3\StringUtils.java,d6644e4fbe3d125eed2d85e58fc7133466042f10,8,0,23108b1bd90de315aed37fa3fc1f38f8a56ab9ba,LANG_3_5,2016-10-23 19:59:11,LANG_3_5,,org.apache.commons.lang3.StringUtils,org.apache.commons.lang3,227
228,1144,src\main\java\org\apache\commons\lang3\concurrent\LazyInitializer.java,dc53e49b4afa5d59c533cf2b4918402c37411fbd,56,0,96c8ea2fb3719e2f6e3d7a4d7b46718f26515a86,LANG_3_5,2016-10-23 20:18:47,LANG_3_5,,org.apache.commons.lang3.concurrent.LazyInitializer,org.apache.commons.lang3.concurrent,228
229,6,src\main\java\org\apache\commons\lang3\SerializationUtils.java,f9cab271b3bc8c2fb6e2c51449ad3bc07e62e174,160,0,dc53e49b4afa5d59c533cf2b4918402c37411fbd,LANG_3_5,2016-10-23 20:30:00,LANG_3_5,,org.apache.commons.lang3.SerializationUtils,org.apache.commons.lang3,229
230,1281,src\main\java\org\apache\commons\lang3\StringUtils.java,05647d46e9ac2bf674b320e8467616aa72954f3e,48,0,ea666d523021a3c33294030e7c6ac49a77be543a,LANG_3_5,2016-11-04 16:20:56,LANG_3_5,,org.apache.commons.lang3.StringUtils,org.apache.commons.lang3,230
231,1287,src\main\java\org\apache\commons\lang3\RandomStringUtils.java,695342cb1cef42f30fd1a8496f181c92b21ae82d,75,0,b0bcf4f60a1e92480d78e44e3fda6e42cfc1b207,LANG_3_5,2016-11-15 10:49:11,LANG_3_5,,org.apache.commons.lang3.RandomStringUtils,org.apache.commons.lang3,231
232,1285,src\main\java\org\apache\commons\lang3\time\FastDateParser.java,c14890f08b9bb47ab8ad27f4dd4c714e32961d0d,60,0,fd80301b1eeb4b2db55a09aeb54348faacec11cd,LANG_3_5,2016-11-16 06:07:43,LANG_3_5,,org.apache.commons.lang3.time.FastDateParser,org.apache.commons.lang3.time,232
233,1292,src\main\java\org\apache\commons\lang3\text\WordUtils.java,a08ec31dbf212a033953dc6916a743dccbb93e37,10,0,8c1a0d2ee1433681958809b4a0fede65f62936e6,LANG_3_5,2016-12-01 19:28:28,LANG_3_5,,org.apache.commons.lang3.text.WordUtils,org.apache.commons.lang3.text,233
234,1286,src\main\java\org\apache\commons\lang3\RandomStringUtils.java,f643b4fa939e89348618ddffae20a804f4461363,325,0,f13d18cff3f0932e727dda04bf80008fc2fbbc70,LANG_3_5,2016-12-14 06:25:07,LANG_3_5,,org.apache.commons.lang3.RandomStringUtils,org.apache.commons.lang3,234
235,1296,src\main\java\org\apache\commons\lang3\ArrayUtils.java,7e605378202fe4e6c9f4aa6a10201b4205238710,8,0,d0e2bfc46659025e6262b2e5de984a8359c9dada,LANG_3_5,2017-01-20 16:47:20,LANG_3_5,,org.apache.commons.lang3.ArrayUtils,org.apache.commons.lang3,235
236,1295,src\main\java\org\apache\commons\lang3\ArrayUtils.java,928e74f73f62f241c986f6ff609575e1d833413d,7,0,7e605378202fe4e6c9f4aa6a10201b4205238710,LANG_3_5,2017-01-20 16:49:11,LANG_3_5,,org.apache.commons.lang3.ArrayUtils,org.apache.commons.lang3,236
237,1311,src\main\java\org\apache\commons\lang3\reflect\TypeUtils.java,1661e5519c4836a5a940b13b7797263443156fc9,26,0,30c85ad05363767deeefee577063c2c432b971d4,LANG_3_5,2017-02-17 17:32:32,LANG_3_5,,org.apache.commons.lang3.reflect.TypeUtils,org.apache.commons.lang3.reflect,237
238,1312,src\main\java\org\apache\commons\lang3\LocaleUtils.java,4bd982d1a1df87724682c17c39bf27b5cbe389be,19,0,a6443e146f825291308319c6a0f2eb82aa34f8c3,LANG_3_5,2017-02-19 19:39:05,LANG_3_5,,org.apache.commons.lang3.LocaleUtils,org.apache.commons.lang3,238
239,1314,src\main\java\org\apache\commons\lang3\StringUtils.java,0f5c769e0c27a5f31a3451aa7372048bed08e9f7,86,0,a0f9db28319f45feb56982d21239fed451b6c3ef,LANG_3_5,2017-03-06 18:22:49,LANG_3_5,,org.apache.commons.lang3.StringUtils,org.apache.commons.lang3,239
240,1310,src\main\java\org\apache\commons\lang3\reflect\MethodUtils.java,1a20867d01ef8ee5b32b0620125b7c38a10b80c5,72,0,7ac12154b0c3854bda27a1a427eb9a25b1813a5d,LANG_3_5,2017-03-13 16:51:12,LANG_3_5,,org.apache.commons.lang3.reflect.MethodUtils,org.apache.commons.lang3.reflect,240
241,1269,src\main\java\org\apache\commons\lang3\StringUtils.java,f4ee399e31eb61741f5f2167d6af8f49c0e991b6,326,0,844cd4298e46027ba1201df4eceb2dcaa5c1bb26,LANG_3_5,2017-03-19 13:25:20,LANG_3_5,,org.apache.commons.lang3.StringUtils,org.apache.commons.lang3,241
242,1319,src\main\java\org\apache\commons\lang3\builder\MultilineRecursiveToStringStyle.java,7587431987258e94748d5f2fda1e6ca049a21600,20,0,05e18cc5c18b820b6f57c1cb823ad2c7fe513581,LANG_3_5,2017-05-19 20:44:28,LANG_3_5,,org.apache.commons.lang3.builder.MultilineRecursiveToStringStyle,org.apache.commons.lang3.builder,242
243,1349,src\main\java\org\apache\commons\lang3\builder\EqualsBuilder.java,3e08af573f8b50da5202f55df62c925f88a47f3d,10,0,d6ad3f01574b839670d4ea5cf82a601eee7e0c16,LANG_3_6,2017-08-10 03:15:27,LANG_3_6,,org.apache.commons.lang3.builder.EqualsBuilder,org.apache.commons.lang3.builder,243
244,1348,src\main\java\org\apache\commons\lang3\reflect\TypeUtils.java,cc6beb2d05347fba64d933906ae2b712b1a43302,276,0,36217ee164239391c672fdfc8f5bd080beab5c4b,LANG_3_6,2017-09-29 00:51:24,LANG_3_6,,org.apache.commons.lang3.reflect.TypeUtils,org.apache.commons.lang3.reflect,244
245,1371,src\main\java\org\apache\commons\lang3\reflect\TypeUtils.java,d8ec011d770e1e04ef4f87fba673f3748f363278,10,0,bfb43d3fe2eafa80f45fc59a5b742d192efa8e3c,LANG_3_7,2017-11-12 18:49:07,LANG_3_7,,org.apache.commons.lang3.reflect.TypeUtils,org.apache.commons.lang3.reflect,245
246,1370,src\main\java\org\apache\commons\lang3\concurrent\EventCountCircuitBreaker.java,7d061e33e59e23dc4b03378f35f50a7d70f033b3,10,0,6049e77fdcd021544a60651fc6de4d80e2ef1c2d,LANG_3_7,2017-11-22 18:44:23,LANG_3_7,,org.apache.commons.lang3.concurrent.EventCountCircuitBreaker,org.apache.commons.lang3.concurrent,246
247,1374,src\main\java\org\apache\commons\lang3\builder\ToStringStyle.java,c614fbcc79615f93d2c60a153db6e82d7474c425,12,0,f5a9effebd7209f3fa5385f18a5e59e8a09122f2,LANG_3_7,2018-01-04 09:15:08,LANG_3_7,,org.apache.commons.lang3.builder.ToStringStyle,org.apache.commons.lang3.builder,247
248,1060,src\main\java\org\apache\commons\lang3\math\NumberUtils.java,c8e61afdb89c58ea8ffaf04593da41ff0888d30e,12,0,c3b1fefbad0c67c8556ba6b4573f135197f87598,LANG_3_7,2018-02-10 14:19:36,LANG_3_7,,org.apache.commons.lang3.math.NumberUtils,org.apache.commons.lang3.math,248
249,1364,src\main\java\org\apache\commons\lang3\exception\ExceptionUtils.java,60412131f3679b720bcaaaf3dea4be666cefea7a,20,0,3a4ac357981283fd3a8817f9e6d57e8b181549be,LANG_3_7,2018-02-11 13:19:56,LANG_3_7,,org.apache.commons.lang3.exception.ExceptionUtils,org.apache.commons.lang3.exception,249
250,1384,src\main\java\org\apache\commons\lang3\SystemUtils.java,50ce8c44e1601acffa39f5568f0fc140aade0564,62,0,cb686673a70a6f14c35575550c48c37d19a1598b,LANG_3_7,2018-03-08 12:54:31,LANG_3_7,,org.apache.commons.lang3.SystemUtils,org.apache.commons.lang3,250
251,1395,src\main\java\org\apache\commons\lang3\builder\ToStringStyle.java,e7d16c27629722a93a9d36a0b5e0a3a793850544,20,0,362dd935f84ef80b13cced13a74339e42c775809,LANG_3_7,2018-05-09 17:28:19,LANG_3_7,,org.apache.commons.lang3.builder.ToStringStyle,org.apache.commons.lang3.builder,251
252,1396,src\main\java\org\apache\commons\lang3\builder\ToStringStyle.java,3fadfdd69f4682f05563ce53e55743f55813f488,12,0,e7d16c27629722a93a9d36a0b5e0a3a793850544,LANG_3_7,2018-05-10 12:08:07,LANG_3_7,,org.apache.commons.lang3.builder.ToStringStyle,org.apache.commons.lang3.builder,252
253,1380,src\main\java\org\apache\commons\lang3\time\FastDateParser.java,f56931c176fef5e164b681c740746aebdccccec3,90,0,ae6a24dd439a7b778e35b484a3a6eae1a8eb64d7,LANG_3_7,2018-07-03 03:39:24,LANG_3_7,,org.apache.commons.lang3.time.FastDateParser,org.apache.commons.lang3.time,253
